job_title,company,city,province,employment_type,experience_level,min_years_experience,max_years_experience,salary_min,salary_max,posting_date,source,source_url,description,skills_required
Data Analyst,NorthStar Retail Analytics,Toronto,ON,Full-time,Entry-level,0,2,58000,72000,2026-04-15,Sample Dataset,https://example.com/jobs/1001,"Analyze sales data, build dashboards, and support weekly business reporting for retail operations.","SQL; Excel; Power BI; Python; Data Visualization; Communication"
Junior Data Analyst,Maple Health Network,Ottawa,ON,Full-time,Entry-level,0,2,54000,68000,2026-04-18,Sample Dataset,https://example.com/jobs/1002,"Clean healthcare operations data, prepare KPI reports, and document data quality issues.","SQL; Excel; Tableau; Data Cleaning; KPI Reporting; Communication"
Business Analyst,Lakeview Insurance,Waterloo,ON,Full-time,Junior,1,3,62000,78000,2026-04-21,Sample Dataset,https://example.com/jobs/1003,"Gather requirements, map business processes, and support reporting for claims operations.","Requirements Gathering; Process Mapping; SQL; Excel; Power BI; Stakeholder Management"
IT Support Technician,Pacific Cloud Services,Vancouver,BC,Full-time,Entry-level,0,2,50000,64000,2026-04-22,Sample Dataset,https://example.com/jobs/1004,"Provide first-level technical support for Windows devices, user accounts, and cloud productivity tools.","Windows; Active Directory; Microsoft 365; Ticketing Systems; Troubleshooting; Customer Service"
User Support Technician,Metro University,Montreal,QC,Full-time,Entry-level,0,2,48000,61000,2026-04-25,Sample Dataset,https://example.com/jobs/1005,"Support students and staff with account access, classroom technology, and service desk requests.","Customer Service; Ticketing Systems; Windows; Hardware Support; Troubleshooting; Communication"
Data Reporting Analyst,BluePeak Logistics,Calgary,AB,Full-time,Junior,1,3,60000,76000,2026-04-28,Sample Dataset,https://example.com/jobs/1006,"Create operational reports for delivery performance, warehouse productivity, and service levels.","SQL; Excel; Power BI; Data Visualization; KPI Reporting; Data Cleaning"
Junior Business Analyst,Northern Bank,Toronto,ON,Contract,Entry-level,0,2,56000,70000,2026-05-01,Sample Dataset,https://example.com/jobs/1007,"Support digital banking projects by documenting requirements, user stories, and process gaps.","Requirements Gathering; User Stories; Process Mapping; Excel; Stakeholder Management; Jira"
Service Desk Analyst,Harbour Tech Group,Halifax,NS,Full-time,Entry-level,0,2,47000,59000,2026-05-02,Sample Dataset,https://example.com/jobs/1008,"Resolve service desk tickets, escalate incidents, and maintain knowledge base articles.","Ticketing Systems; Troubleshooting; Customer Service; Microsoft 365; Knowledge Base; Windows"
Data Analyst Intern,Prairie Energy Analytics,Edmonton,AB,Internship,Internship,0,1,42000,52000,2026-05-03,Sample Dataset,https://example.com/jobs/1009,"Assist analysts with data cleaning, dashboard updates, and monthly energy market reports.","Excel; SQL; Python; Data Cleaning; Data Visualization; Communication"
Business Intelligence Analyst,Cascadia Retail Co.,Vancouver,BC,Full-time,Junior,1,3,65000,82000,2026-05-04,Sample Dataset,https://example.com/jobs/1010,"Develop Power BI reports and partner with teams to improve merchandising decisions.","Power BI; SQL; Data Modeling; DAX; Excel; Stakeholder Management"
IT Support Specialist,Great Lakes Manufacturing,Hamilton,ON,Full-time,Junior,1,3,52000,67000,2026-05-05,Sample Dataset,https://example.com/jobs/1011,"Support plant users, manage devices, and troubleshoot network and application issues.","Windows; Active Directory; Hardware Support; Networking; Ticketing Systems; Troubleshooting"
Junior Systems Support Technician,Atlantic Public Services,Fredericton,NB,Full-time,Entry-level,0,2,46000,58000,2026-05-06,Sample Dataset,https://example.com/jobs/1012,"Provide desktop support, account setup, and incident resolution for public service teams.","Active Directory; Windows; Microsoft 365; Customer Service; Ticketing Systems; Troubleshooting"
Operations Data Analyst,GreenLine Transit,Mississauga,ON,Full-time,Junior,1,3,61000,76000,2026-05-07,Sample Dataset,https://example.com/jobs/1013,"Analyze ridership, route performance, and operational metrics for transit planning.","SQL; Excel; Python; Data Visualization; KPI Reporting; Statistics"
Entry Level Data Analyst,FinTech Works,Toronto,ON,Full-time,Entry-level,0,2,59000,74000,2026-05-08,Sample Dataset,https://example.com/jobs/1014,"Prepare financial data extracts, reconcile reports, and support dashboard automation.","SQL; Excel; Python; Power BI; Data Cleaning; Attention to Detail"
Business Systems Analyst,WestBridge Software,Victoria,BC,Full-time,Junior,1,3,64000,80000,2026-05-09,Sample Dataset,https://example.com/jobs/1015,"Translate business needs into system requirements and support software delivery teams.","Requirements Gathering; User Stories; Jira; SQL; Process Mapping; Stakeholder Management"
Help Desk Technician,Snowcap Hospitality,Banff,AB,Full-time,Entry-level,0,2,45000,56000,2026-05-10,Sample Dataset,https://example.com/jobs/1016,"Provide hotel staff with application, device, and network troubleshooting support.","Customer Service; Troubleshooting; Windows; Hardware Support; Networking; Ticketing Systems"
Data Quality Analyst,RedRiver Health Data,Winnipeg,MB,Full-time,Junior,1,3,57000,72000,2026-05-11,Sample Dataset,https://example.com/jobs/1017,"Review data quality rules, investigate anomalies, and prepare data issue summaries.","SQL; Data Cleaning; Excel; Data Quality; Documentation; Communication"
Reporting Analyst,Capital City Services,Ottawa,ON,Full-time,Entry-level,0,2,55000,69000,2026-05-12,Sample Dataset,https://example.com/jobs/1018,"Build recurring management reports and support ad hoc analysis requests.","Excel; SQL; Power BI; KPI Reporting; Data Visualization; Communication"
Technical Support Analyst,CloudNorth SaaS,Montreal,QC,Full-time,Junior,1,3,53000,68000,2026-05-13,Sample Dataset,https://example.com/jobs/1019,"Support SaaS users, triage technical issues, and document recurring product problems.","Customer Service; Troubleshooting; SQL; Ticketing Systems; Knowledge Base; Communication"
Junior Product Data Analyst,ShopLocal Marketplace,Toronto,ON,Full-time,Junior,1,2,63000,78000,2026-05-14,Sample Dataset,https://example.com/jobs/1020,"Analyze product usage, create funnel reports, and support marketplace growth experiments.","SQL; Python; Excel; Product Analytics; Data Visualization; A/B Testing"
Desktop Support Technician,Coastal Credit Union,Vancouver,BC,Full-time,Entry-level,0,2,49000,62000,2026-05-15,Sample Dataset,https://example.com/jobs/1021,"Install devices, resolve support tickets, and assist employees with Microsoft 365 tools.","Windows; Microsoft 365; Active Directory; Hardware Support; Customer Service; Ticketing Systems"
Junior BI Developer,Polar Foods,Saskatoon,SK,Full-time,Junior,1,3,60000,75000,2026-05-16,Sample Dataset,https://example.com/jobs/1022,"Maintain BI dashboards, model data, and support finance and operations reporting.","Power BI; SQL; Data Modeling; DAX; Excel; Documentation"
Business Process Analyst,Eastern Telecom,Quebec City,QC,Full-time,Junior,1,3,58000,73000,2026-05-17,Sample Dataset,https://example.com/jobs/1023,"Document business processes, identify inefficiencies, and support workflow improvement projects.","Process Mapping; Requirements Gathering; Excel; Stakeholder Management; Documentation; Jira"
Data Support Analyst,Ontario Education Analytics,London,ON,Contract,Entry-level,0,2,52000,65000,2026-05-18,Sample Dataset,https://example.com/jobs/1024,"Support data requests, validate extracts, and maintain reporting documentation.","SQL; Excel; Data Cleaning; Documentation; Communication; Data Quality"
Entry Level IT Analyst,Digital Prairie Co.,Regina,SK,Full-time,Entry-level,0,2,48000,61000,2026-05-19,Sample Dataset,https://example.com/jobs/1025,"Support internal applications, triage user tickets, and assist with access management.","Ticketing Systems; Troubleshooting; Customer Service; Active Directory; Microsoft 365; Documentation"
Junior Software Developer,NorthCode Labs,Toronto,ON,Full-time,Entry-level,0,2,70000,88000,2026-05-20,Sample Dataset,https://example.com/jobs/1026,"Build web application features, fix bugs, and collaborate with product and QA teams.","JavaScript; React; Git; SQL; HTML; CSS"
Full Stack Engineer,MapleStack Software,Vancouver,BC,Full-time,Junior,1,3,82000,105000,2026-05-21,Sample Dataset,https://example.com/jobs/1027,"Develop frontend and backend features for a SaaS workflow platform.","Python; FastAPI; React; TypeScript; SQL; Git"
Backend Developer,CloudRiver Platforms,Montreal,QC,Full-time,Junior,1,3,78000,99000,2026-05-22,Sample Dataset,https://example.com/jobs/1028,"Build APIs, integrate databases, and improve backend service reliability.","Python; Django; SQL; Git; API Development; Documentation"
Frontend Developer,WestPeak Digital,Calgary,AB,Full-time,Entry-level,0,2,68000,84000,2026-05-23,Sample Dataset,https://example.com/jobs/1029,"Create responsive user interfaces and partner with designers on product experiences.","JavaScript; React; TypeScript; HTML; CSS; Communication"
QA Automation Developer,Harbour QA Services,Halifax,NS,Full-time,Junior,1,3,65000,82000,2026-05-24,Sample Dataset,https://example.com/jobs/1030,"Write automated tests and support release quality for web applications.","Python; JavaScript; Git; Test Automation; Documentation; Troubleshooting"
Project Coordinator,Capital Projects Group,Ottawa,ON,Full-time,Entry-level,0,2,54000,68000,2026-05-25,Sample Dataset,https://example.com/jobs/1031,"Support project plans, meeting notes, risks, timelines, and stakeholder communication.","Project Management; Documentation; Stakeholder Communication; Excel; Jira; Risk Management"
Project Manager,BlueLake Construction Tech,Mississauga,ON,Full-time,Junior,1,4,72000,92000,2026-05-26,Sample Dataset,https://example.com/jobs/1032,"Manage cross-functional delivery plans, scope, budgets, and project risks.","Project Management; Budgeting; Risk Management; Leadership; Stakeholder Management; Communication"
Associate Product Manager,ShopNorth Marketplace,Toronto,ON,Full-time,Junior,1,3,76000,96000,2026-05-27,Sample Dataset,https://example.com/jobs/1033,"Prioritize product improvements, write user stories, and analyze feature adoption.","Product Analytics; User Stories; Stakeholder Management; SQL; Jira; Communication"
HR Coordinator,PeopleFirst Health,Winnipeg,MB,Full-time,Entry-level,0,2,47000,59000,2026-05-28,Sample Dataset,https://example.com/jobs/1034,"Coordinate onboarding, employee records, interviews, and HR documentation.","Onboarding; Interviewing; Documentation; Employee Relations; Excel; Communication"
HR Specialist,Northern Retail Group,Edmonton,AB,Full-time,Junior,1,3,56000,72000,2026-05-29,Sample Dataset,https://example.com/jobs/1035,"Support employee relations, benefits administration, HR reporting, and policy updates.","Employee Relations; Benefits Administration; Excel; Conflict Resolution; Documentation; Communication"
Recruiter,TechTalent Partners,Waterloo,ON,Full-time,Junior,1,3,58000,76000,2026-05-30,Sample Dataset,https://example.com/jobs/1036,"Source candidates, screen applicants, and manage hiring pipelines for technical teams.","Recruiting; Talent Acquisition; ATS; Interviewing; Stakeholder Management; Communication"
Marketing Coordinator,Coastal Brands,Vancouver,BC,Full-time,Entry-level,0,2,50000,64000,2026-05-31,Sample Dataset,https://example.com/jobs/1037,"Coordinate campaigns, maintain content calendars, and report on marketing performance.","Google Analytics; SEO; CRM; Excel; Communication; Market Research"
Digital Marketing Specialist,Prairie Media Co.,Regina,SK,Full-time,Junior,1,3,56000,72000,2026-06-01,Sample Dataset,https://example.com/jobs/1038,"Manage digital campaigns, analyze channel performance, and optimize website traffic.","Google Analytics; SEO; CRM; Data Visualization; Market Research; Communication"
Sales Development Representative,CloudNorth SaaS,Montreal,QC,Full-time,Entry-level,0,2,48000,70000,2026-06-02,Sample Dataset,https://example.com/jobs/1039,"Prospect new accounts, qualify leads, and maintain CRM pipeline data.","CRM; Communication; Customer Service; Market Research; Excel; Stakeholder Management"
Operations Coordinator,GreenLine Transit,Mississauga,ON,Full-time,Entry-level,0,2,50000,65000,2026-06-03,Sample Dataset,https://example.com/jobs/1040,"Coordinate schedules, track service KPIs, and support operational reporting.","Excel; KPI Reporting; Process Mapping; Documentation; Communication; Vendor Management"
Operations Analyst,Frost Logistics,Calgary,AB,Full-time,Junior,1,3,61000,78000,2026-06-04,Sample Dataset,https://example.com/jobs/1041,"Analyze operations metrics, identify process gaps, and improve reporting workflows.","Excel; SQL; Process Mapping; Data Visualization; KPI Reporting; Project Management"
